<!--
  ~  Copyright 2015 Google Inc. All Rights Reserved.
  ~  Licensed under the Apache License, Version 2.0 (the "License");
  ~  you may not use this file except in compliance with the License.
  ~  You may obtain a copy of the License at
  ~
  ~   http://www.apache.org/licenses/LICENSE-2.0
  ~
  ~  Unless required by applicable law or agreed to in writing, software
  ~  distributed under the License is distributed on an "AS IS" BASIS,
  ~  WITHOUT WARRANTIES OR CONDITIONS OF ANY KIND, either express or implied.
  ~  See the License for the specific language governing permissions and
  ~  limitations under the License.
  -->

<toolbox>
    <category name="Turtle" colour="160">
        <block type="turtle_move">
            <value name="VALUE">
                <shadow type="math_number">
                    <field name="NUM">50</field>
                </shadow>
            </value>
        </block>
        <block type="turtle_turn">
            <value name="VALUE">
                <shadow type="math_number">
                    <field name="NUM">90</field>
                </shadow>
            </value>
        </block>
        <block type="turtle_width">
            <value name="WIDTH">
                <shadow type="math_number">
                    <field name="NUM">4</field>
                </shadow>
            </value>
        </block>
        <block type="turtle_pen">
            <field name="PEN">penUp</field>
        </block>
        <block type="turtle_visibility"></block>
        <block type="turtle_print">
            <value name="TEXT">
                <shadow type="text">
                    <field name="TEXT"></field>
                </shadow>
            </value>
        </block>
        <block type="turtle_font"></block>
    </category>
    <category name="Colour" colour="20">
        <block type="turtle_colour">
            <value name="COLOUR">
                <shadow type="colour_picker">
                    <field name="COLOUR">#ff0000</field>
                </shadow>
            </value>
        </block>
        <block type="colour_picker"></block>
        <block type="colour_random"></block>
        <block type="colour_rgb">
            <value name="RED">
                <shadow type="math_number">
                    <field name="NUM">100</field>
                </shadow>
            </value>
            <value name="GREEN">
                <shadow type="math_number">
                    <field name="NUM">50</field>
                </shadow>
            </value>
            <value name="BLUE">
                <shadow type="math_number">
                    <field name="NUM">0</field>
                </shadow>
            </value>
        </block>
        <block type="colour_blend">
            <value name="COLOUR1">
                <shadow type="colour_picker">
                    <field name="COLOUR">#ff0000</field>
                </shadow>
            </value>
            <value name="COLOUR2">
                <shadow type="colour_picker">
                    <field name="COLOUR">#3333ff</field>
                </shadow>
            </value>
            <value name="RATIO">
                <shadow type="math_number">
                    <field name="NUM">0.5</field>
                </shadow>
            </value>
        </block>
    </category>
    <category name="Logic" colour="210">
        <block type="controls_if"></block>
        <block type="controls_ifelse"></block>
        <block type="logic_compare"></block>
        <block type="logic_operation"></block>
        <block type="logic_negate"></block>
        <block type="logic_boolean"></block>
        <block type="logic_ternary"></block>
    </category>
    <category name="Loops" colour="120">
        <block type="controls_repeat_ext">
            <value name="TIMES">
                <shadow type="math_number">
                    <field name="NUM">10</field>
                </shadow>
            </value>
        </block>
        <block type="controls_whileUntil">
            <value name="BOOL">
                <shadow type="logic_boolean">
                    <field name="BOOL">TRUE</field>
                </shadow>
            </value>
        </block>
        <block type="controls_for">
            <value name="FROM">
                <shadow type="math_number">
                    <field name="NUM">1</field>
                </shadow>
            </value>
            <value name="TO">
                <shadow type="math_number">
                    <field name="NUM">10</field>
                </shadow>
            </value>
            <value name="BY">
                <shadow type="math_number">
                    <field name="NUM">1</field>
                </shadow>
            </value>
        </block>
        <block type="controls_flow_statements"></block>
    </category>
    <category name="Math" colour="230">
        <block type="math_number" gap="32">
            <field name="NUM">123</field>
        </block>
        <block type="math_arithmetic">
            <value name="A">
                <shadow type="math_number">
                    <field name="NUM">1</field>
                </shadow>
            </value>
            <value name="B">
                <shadow type="math_number">
                    <field name="NUM">1</field>
                </shadow>
            </value>
        </block>
        <block type="math_single">
            <value name="NUM">
                <shadow type="math_number">
                    <field name="NUM">9</field>
                </shadow>
            </value>
        </block>
        <block type="math_trig">
            <value name="NUM">
                <shadow type="math_number">
                    <field name="NUM">45</field>
                </shadow>
            </value>
        </block>
        <block type="math_constant"></block>
        <block type="math_number_property"></block>
        <block type="math_change">
            <value name="DELTA">
                <shadow type="math_number">
                    <field name="NUM">1</field>
                </shadow>
            </value>
        </block>
        <block type="math_round">
            <value name="NUM">
                <shadow type="math_number">
                    <field name="NUM">3.1</field>
                </shadow>
            </value>
        </block>
        <block type="math_modulo">
            <value name="DIVIDEND">
                <shadow type="math_number">
                    <field name="NUM">64</field>
                </shadow>
            </value>
            <value name="DIVISOR">
                <shadow type="math_number">
                    <field name="NUM">10</field>
                </shadow>
            </value>
        </block>
        <block type="math_constrain">
            <value name="VALUE">
                <shadow type="math_number">
                    <field name="NUM">50</field>
                </shadow>
            </value>
            <value name="LOW">
                <shadow type="math_number">
                    <field name="NUM">1</field>
                </shadow>
            </value>
            <value name="HIGH">
                <shadow type="math_number">
                    <field name="NUM">100</field>
                </shadow>
            </value>
        </block>
        <block type="math_random_int">
            <value name="FROM">
                <shadow type="math_number">
                    <field name="NUM">1</field>
                </shadow>
            </value>
            <value name="TO">
                <shadow type="math_number">
                    <field name="NUM">100</field>
                </shadow>
            </value>
        </block>
        <block type="math_random_float"></block>
    </category>
    <category name="Variables" colour="330" custom="VARIABLE"/>
</toolbox>
