<xml xmlns="http://www.w3.org/1999/xhtml">
    <block type="variables_set" x="-118" y="-812" inline="true">
        <value name="VALUE">
            <shadow type="math_number">
                <field name="NUM">0.0</field>
            </shadow>
        </value>
        <field name="VAR">item</field>
        <next>
            <block type="turtle_pen">
                <field name="PEN">penUp</field>
                <next>
                    <block type="turtle_move">
                        <value name="VALUE">
                            <shadow type="math_number">
                                <field name="NUM">300</field>
                            </shadow>
                        </value>
                        <field name="DIR">moveBackward</field>
                        <next>
                            <block type="turtle_turn">
                                <value name="VALUE">
                                    <shadow type="math_number">
                                        <field name="NUM">30</field>
                                    </shadow>
                                </value>
                                <field name="DIR">turnLeft</field>
                                <next>
                                    <block type="controls_repeat_ext" inline="true">
                                        <value name="TIMES">
                                            <shadow type="math_number">
                                                <field name="NUM">2</field>
                                            </shadow>
                                        </value>
                                        <statement name="DO">
                                            <block type="controls_repeat_ext" inline="true">
                                                <value name="TIMES">
                                                    <shadow type="math_number">
                                                        <field name="NUM">900</field>
                                                    </shadow>
                                                </value>
                                                <statement name="DO">
                                                    <block type="turtle_pen">
                                                        <field name="PEN">penDown</field>
                                                        <next>
                                                            <block type="variables_set" inline="true">
                                                                <value name="VALUE">
                                                                    <shadow type="math_number">
                                                                        <field name="NUM">0</field>
                                                                    </shadow>
                                                                    <block type="math_trig">
                                                                        <value name="NUM">
                                                                            <shadow type="math_number">
                                                                                <field name="NUM">45.0</field>
                                                                            </shadow>
                                                                            <block type="variables_get">
                                                                                <field name="VAR">item</field>
                                                                            </block>
                                                                        </value>
                                                                        <field name="OP">SIN</field>
                                                                    </block>
                                                                </value>
                                                                <field name="VAR">don</field>
                                                                <next>
                                                                    <block type="turtle_width">
                                                                        <value name="WIDTH">
                                                                            <shadow type="math_number">
                                                                                <field name="NUM">4.0</field>
                                                                            </shadow>
                                                                            <block type="math_arithmetic" inline="true">
                                                                                <value name="A">
                                                                                    <shadow type="math_number">
                                                                                        <field name="NUM">1</field>
                                                                                    </shadow>
                                                                                    <block type="math_arithmetic" inline="true">
                                                                                        <value name="A">
                                                                                            <shadow type="math_number">
                                                                                                <field name="NUM">1</field>
                                                                                            </shadow>
                                                                                            <block type="variables_get">
                                                                                                <field name="VAR">don</field>
                                                                                            </block>
                                                                                        </value>
                                                                                        <value name="B">
                                                                                            <shadow type="math_number">
                                                                                                <field name="NUM">1</field>
                                                                                            </shadow>
                                                                                        </value>
                                                                                        <field name="OP">ADD</field>
                                                                                    </block>
                                                                                </value>
                                                                                <value name="B">
                                                                                    <shadow type="math_number">
                                                                                        <field name="NUM">4.0</field>
                                                                                    </shadow>
                                                                                </value>
                                                                                <field name="OP">MULTIPLY</field>
                                                                            </block>
                                                                        </value>
                                                                        <next>
                                                                            <block type="turtle_turn">
                                                                                <value name="VALUE">
                                                                                    <shadow type="math_number">
                                                                                        <field name="NUM">90.0</field>
                                                                                    </shadow>
                                                                                    <block type="math_arithmetic" inline="true">
                                                                                        <value name="A">
                                                                                            <shadow type="math_number">
                                                                                                <field name="NUM">1.0</field>
                                                                                            </shadow>
                                                                                            <block type="variables_get">
                                                                                                <field name="VAR">don</field>
                                                                                            </block>
                                                                                        </value>
                                                                                        <value name="B">
                                                                                            <shadow type="math_number">
                                                                                                <field name="NUM">10.0</field>
                                                                                            </shadow>
                                                                                        </value>
                                                                                        <field name="OP">MULTIPLY</field>
                                                                                    </block>
                                                                                </value>
                                                                                <field name="DIR">turnRight</field>
                                                                                <next>
                                                                                    <block type="turtle_move">
                                                                                        <value name="VALUE">
                                                                                            <shadow type="math_number">
                                                                                                <field name="NUM">50.0</field>
                                                                                            </shadow>
                                                                                            <block type="math_arithmetic" inline="true">
                                                                                                <value name="A">
                                                                                                    <shadow type="math_number">
                                                                                                        <field name="NUM">500.0</field>
                                                                                                    </shadow>
                                                                                                    <block type="math_arithmetic" inline="true">
                                                                                                        <value name="A">
                                                                                                            <shadow type="math_number">
                                                                                                                <field name="NUM">1.0</field>
                                                                                                            </shadow>
                                                                                                            <block type="variables_get">
                                                                                                                <field name="VAR">don</field>
                                                                                                            </block>
                                                                                                        </value>
                                                                                                        <value name="B">
                                                                                                            <shadow type="math_number">
                                                                                                                <field name="NUM">1.0</field>
                                                                                                            </shadow>
                                                                                                        </value>
                                                                                                        <field name="OP">ADD</field>
                                                                                                    </block>
                                                                                                </value>
                                                                                                <value name="B">
                                                                                                    <shadow type="math_number">
                                                                                                        <field name="NUM">3.0</field>
                                                                                                    </shadow>
                                                                                                </value>
                                                                                                <field name="OP">MULTIPLY</field>
                                                                                            </block>
                                                                                        </value>
                                                                                        <field name="DIR">moveForward</field>
                                                                                        <next>
                                                                                            <block type="math_change">
                                                                                                <value name="DELTA">
                                                                                                    <shadow type="math_number">
                                                                                                        <field name="NUM">1.0</field>
                                                                                                    </shadow>
                                                                                                </value>
                                                                                                <field name="VAR">item</field>
                                                                                            </block>
                                                                                        </next>
                                                                                    </block>
                                                                                </next>
                                                                            </block>
                                                                        </next>
                                                                    </block>
                                                                </next>
                                                            </block>
                                                        </next>
                                                    </block>
                                                </statement>
                                                <next>
                                                    <block type="turtle_pen">
                                                        <field name="PEN">penUp</field>
                                                        <next>
                                                            <block type="turtle_turn">
                                                                <value name="VALUE">
                                                                    <shadow type="math_number">
                                                                        <field name="NUM">152.0</field>
                                                                    </shadow>
                                                                </value>
                                                                <field name="DIR">turnLeft</field>
                                                                <next>
                                                                    <block type="turtle_move">
                                                                        <value name="VALUE">
                                                                            <shadow type="math_number">
                                                                                <field name="NUM">40.0</field>
                                                                            </shadow>
                                                                        </value>
                                                                        <field name="DIR">moveForward</field>
                                                                        <next>
                                                                            <block type="turtle_turn">
                                                                                <value name="VALUE">
                                                                                    <shadow type="math_number">
                                                                                        <field name="NUM">28.0</field>
                                                                                    </shadow>
                                                                                </value>
                                                                                <field name="DIR">turnLeft</field>
                                                                            </block>
                                                                        </next>
                                                                    </block>
                                                                </next>
                                                            </block>
                                                        </next>
                                                    </block>
                                                </next>
                                            </block>
                                        </statement>
                                        <next>
                                            <block type="turtle_move">
                                                <value name="VALUE">
                                                    <shadow type="math_number">
                                                        <field name="NUM">500.0</field>
                                                    </shadow>
                                                </value>
                                                <field name="DIR">moveBackward</field>
                                            </block>
                                        </next>
                                    </block>
                                </next>
                            </block>
                        </next>
                    </block>
                </next>
            </block>
        </next>
    </block>
</xml>